﻿Location,Longitude,Latitude,Capacity,Volume,Year,Display
Corpus Christi,27.8006,-97.396378,Deliveries,824940,2019,LNG
Corpus Christi,27.8006,-97.396378,Op_cap,2295000,2019,LNG
Freeport,-78.7,26.5333,Deliveries,0,2019,LNG
Freeport,-78.7,26.5333,Op_cap,0,2019,LNG
Cove Point,-76.3888383,38.3812345,Deliveries,733098,2019,LNG
Cove Point,-76.3888383,38.3812345,Op_cap,815000,2019,LNG
Elba Island,10.1927389,42.7781867,Deliveries,521967,2019,LNG
Elba Island,10.1927389,42.7781867,Op_cap,0,2019,LNG
